"LineKey","PrimaryKey","PointLoc","PointNbr","species","Height"
"201A","201A",1,1,"PG",31
"201A","201A",1,1,"AG",9.2
"201A","201A",1,1,"Forb",0
"201A","201A",5,5,"PG",7
"201A","201A",5,5,"AG",7.5
"201A","201A",5,5,"Forb",0
"201A","201A",9,9,"PG",19
"201A","201A",9,9,"AG",7.5
"201A","201A",9,9,"Forb",0
"201A","201A",13,13,"PG",35
"201A","201A",13,13,"AG",5
"201A","201A",13,13,"Forb",0
"201A","201A",17,17,"PG",32
"201A","201A",17,17,"AG",7
"201A","201A",17,17,"Forb",0
"201A","201A",21,21,"PG",8
"201A","201A",21,21,"AG",8
"201A","201A",21,21,"Forb",0
"201A","201A",25,25,"PG",34.5
"201A","201A",25,25,"AG",3
"201A","201A",25,25,"Forb",0
"201A","201A",29,29,"PG",37
"201A","201A",29,29,"AG",0
"201A","201A",29,29,"Forb",0
"201G","201G",1,1,"PG",0
"201G","201G",1,1,"AG",25.5
"201G","201G",1,1,"Forb",23.5
"201G","201G",5,5,"PG",16.3
"201G","201G",5,5,"AG",7.5
"201G","201G",5,5,"Forb",33.7
"201G","201G",9,9,"PG",45.5
"201G","201G",9,9,"AG",13
"201G","201G",9,9,"Forb",15
"201G","201G",13,13,"PG",43.6
"201G","201G",13,13,"AG",7
"201G","201G",13,13,"Forb",0
"201G","201G",17,17,"PG",37.5
"201G","201G",17,17,"AG",15
"201G","201G",17,17,"Forb",21
"201G","201G",21,21,"PG",47
"201G","201G",21,21,"AG",5
"201G","201G",21,21,"Forb",23
"201G","201G",25,25,"PG",26
"201G","201G",25,25,"AG",5
"201G","201G",25,25,"Forb",0
"201G","201G",29,29,"PG",45
"201G","201G",29,29,"AG",0
"201G","201G",29,29,"Forb",0
"202A","202A",1,1,"PG",27
"202A","202A",1,1,"AG",0
"202A","202A",1,1,"Forb",0
"202A","202A",5,5,"PG",39
"202A","202A",5,5,"AG",0
"202A","202A",5,5,"Forb",0
"202A","202A",9,9,"PG",31
"202A","202A",9,9,"AG",0
"202A","202A",9,9,"Forb",0
"202A","202A",13,13,"PG",35.5
"202A","202A",13,13,"AG",0
"202A","202A",13,13,"Forb",0
"202A","202A",17,17,"PG",37
"202A","202A",17,17,"AG",0
"202A","202A",17,17,"Forb",0
"202A","202A",21,21,"PG",41
"202A","202A",21,21,"AG",0
"202A","202A",21,21,"Forb",4
"202A","202A",25,25,"PG",31
"202A","202A",25,25,"AG",0
"202A","202A",25,25,"Forb",4
"202A","202A",29,29,"PG",24.5
"202A","202A",29,29,"AG",0
"202A","202A",29,29,"Forb",5
"202G","202G",1,1,"PG",24
"202G","202G",1,1,"AG",0
"202G","202G",1,1,"Forb",0
"202G","202G",5,5,"PG",16
"202G","202G",5,5,"AG",0
"202G","202G",5,5,"Forb",0
"202G","202G",9,9,"PG",21
"202G","202G",9,9,"AG",0
"202G","202G",9,9,"Forb",0
"202G","202G",13,13,"PG",47
"202G","202G",13,13,"AG",0
"202G","202G",13,13,"Forb",0
"202G","202G",17,17,"PG",37.5
"202G","202G",17,17,"AG",0
"202G","202G",17,17,"Forb",0
"202G","202G",21,21,"PG",29.5
"202G","202G",21,21,"AG",0
"202G","202G",21,21,"Forb",0
"202G","202G",25,25,"PG",20
"202G","202G",25,25,"AG",0
"202G","202G",25,25,"Forb",0
"202G","202G",29,29,"PG",17.5
"202G","202G",29,29,"AG",0
"202G","202G",29,29,"Forb",0
"203A","203A",1,1,"PG",46
"203A","203A",1,1,"AG",0
"203A","203A",1,1,"Forb",0
"203A","203A",5,5,"PG",31
"203A","203A",5,5,"AG",0
"203A","203A",5,5,"Forb",0
"203A","203A",9,9,"PG",37
"203A","203A",9,9,"AG",0
"203A","203A",9,9,"Forb",0
"203A","203A",13,13,"PG",40
"203A","203A",13,13,"AG",0
"203A","203A",13,13,"Forb",0
"203A","203A",17,17,"PG",39
"203A","203A",17,17,"AG",0
"203A","203A",17,17,"Forb",0
"203A","203A",21,21,"PG",5.5
"203A","203A",21,21,"AG",0
"203A","203A",21,21,"Forb",0
"203A","203A",25,25,"PG",17
"203A","203A",25,25,"AG",0
"203A","203A",25,25,"Forb",0
"203A","203A",29,29,"PG",42
"203A","203A",29,29,"AG",0
"203A","203A",29,29,"Forb",0
"203G","203G",1,1,"PG",41.5
"203G","203G",1,1,"AG",11.5
"203G","203G",1,1,"Forb",0
"203G","203G",5,5,"PG",17.5
"203G","203G",5,5,"AG",18
"203G","203G",5,5,"Forb",0
"203G","203G",9,9,"PG",44.5
"203G","203G",9,9,"AG",20
"203G","203G",9,9,"Forb",0
"203G","203G",13,13,"PG",52.5
"203G","203G",13,13,"AG",9.5
"203G","203G",13,13,"Forb",7.5
"203G","203G",17,17,"PG",51.5
"203G","203G",17,17,"AG",9
"203G","203G",17,17,"Forb",0
"203G","203G",21,21,"PG",25.5
"203G","203G",21,21,"AG",18
"203G","203G",21,21,"Forb",0
"203G","203G",25,25,"PG",23
"203G","203G",25,25,"AG",13.5
"203G","203G",25,25,"Forb",29
"203G","203G",29,29,"PG",46.5
"203G","203G",29,29,"AG",9.5
"203G","203G",29,29,"Forb",0
"204A","204A",1,1,"PG",3.5
"204A","204A",1,1,"AG",14
"204A","204A",1,1,"Forb",37.5
"204A","204A",5,5,"PG",18
"204A","204A",5,5,"AG",11
"204A","204A",5,5,"Forb",0
"204A","204A",9,9,"PG",30
"204A","204A",9,9,"AG",26
"204A","204A",9,9,"Forb",14
"204A","204A",13,13,"PG",16.6
"204A","204A",13,13,"AG",5
"204A","204A",13,13,"Forb",12.5
"204A","204A",17,17,"PG",12.1
"204A","204A",17,17,"AG",9.5
"204A","204A",17,17,"Forb",1
"204A","204A",21,21,"PG",0
"204A","204A",21,21,"AG",22
"204A","204A",21,21,"Forb",12
"204A","204A",25,25,"PG",8
"204A","204A",25,25,"AG",25
"204A","204A",25,25,"Forb",17
"204A","204A",29,29,"PG",10.9
"204A","204A",29,29,"AG",9.2
"204A","204A",29,29,"Forb",0
"204G","204G",1,1,"PG",28
"204G","204G",1,1,"AG",0
"204G","204G",1,1,"Forb",0
"204G","204G",5,5,"PG",47
"204G","204G",5,5,"AG",12
"204G","204G",5,5,"Forb",6
"204G","204G",9,9,"PG",29
"204G","204G",9,9,"AG",11
"204G","204G",9,9,"Forb",0
"204G","204G",13,13,"PG",24
"204G","204G",13,13,"AG",8
"204G","204G",13,13,"Forb",0
"204G","204G",17,17,"PG",33
"204G","204G",17,17,"AG",9
"204G","204G",17,17,"Forb",4
"204G","204G",21,21,"PG",14
"204G","204G",21,21,"AG",10
"204G","204G",21,21,"Forb",0
"204G","204G",25,25,"PG",24
"204G","204G",25,25,"AG",6
"204G","204G",25,25,"Forb",0
"204G","204G",29,29,"PG",14
"204G","204G",29,29,"AG",0
"204G","204G",29,29,"Forb",4
"205A","205A",1,1,"PG",12.5
"205A","205A",1,1,"AG",0
"205A","205A",1,1,"Forb",5
"205A","205A",5,5,"PG",22
"205A","205A",5,5,"AG",7.5
"205A","205A",5,5,"Forb",0
"205A","205A",9,9,"PG",16.5
"205A","205A",9,9,"AG",9
"205A","205A",9,9,"Forb",4.5
"205A","205A",13,13,"PG",19
"205A","205A",13,13,"AG",7
"205A","205A",13,13,"Forb",2
"205A","205A",17,17,"PG",0
"205A","205A",17,17,"AG",10
"205A","205A",17,17,"Forb",6.5
"205A","205A",21,21,"PG",30
"205A","205A",21,21,"AG",7
"205A","205A",21,21,"Forb",18
"205A","205A",25,25,"PG",17
"205A","205A",25,25,"AG",10
"205A","205A",25,25,"Forb",5
"205A","205A",29,29,"PG",39
"205A","205A",29,29,"AG",6
"205A","205A",29,29,"Forb",0
"205G","205G",1,1,"PG",37.5
"205G","205G",1,1,"AG",0
"205G","205G",1,1,"Forb",7
"205G","205G",5,5,"PG",36
"205G","205G",5,5,"AG",0
"205G","205G",5,5,"Forb",0
"205G","205G",9,9,"PG",31
"205G","205G",9,9,"AG",0
"205G","205G",9,9,"Forb",15
"205G","205G",13,13,"PG",25
"205G","205G",13,13,"AG",0
"205G","205G",13,13,"Forb",7
"205G","205G",17,17,"PG",17.9
"205G","205G",17,17,"AG",11.5
"205G","205G",17,17,"Forb",10.5
"205G","205G",21,21,"PG",32
"205G","205G",21,21,"AG",31
"205G","205G",21,21,"Forb",8
"205G","205G",25,25,"PG",42
"205G","205G",25,25,"AG",20
"205G","205G",25,25,"Forb",0
"205G","205G",29,29,"PG",42
"205G","205G",29,29,"AG",0
"205G","205G",29,29,"Forb",0
"206A","206A",1,1,"PG",42.5
"206A","206A",1,1,"AG",0
"206A","206A",1,1,"Forb",0
"206A","206A",5,5,"PG",68
"206A","206A",5,5,"AG",0
"206A","206A",5,5,"Forb",0
"206A","206A",9,9,"PG",53.5
"206A","206A",9,9,"AG",0
"206A","206A",9,9,"Forb",0
"206A","206A",13,13,"PG",36
"206A","206A",13,13,"AG",0
"206A","206A",13,13,"Forb",0
"206A","206A",17,17,"PG",64
"206A","206A",17,17,"AG",0
"206A","206A",17,17,"Forb",0
"206A","206A",21,21,"PG",41
"206A","206A",21,21,"AG",0
"206A","206A",21,21,"Forb",0
"206A","206A",25,25,"PG",37.5
"206A","206A",25,25,"AG",0
"206A","206A",25,25,"Forb",20.5
"206A","206A",29,29,"PG",39
"206A","206A",29,29,"AG",0
"206A","206A",29,29,"Forb",0
"206G","206G",1,1,"PG",49
"206G","206G",1,1,"AG",0
"206G","206G",1,1,"Forb",0
"206G","206G",5,5,"PG",40.5
"206G","206G",5,5,"AG",0
"206G","206G",5,5,"Forb",0
"206G","206G",9,9,"PG",39.5
"206G","206G",9,9,"AG",0
"206G","206G",9,9,"Forb",0
"206G","206G",13,13,"PG",41
"206G","206G",13,13,"AG",0
"206G","206G",13,13,"Forb",0
"206G","206G",17,17,"PG",38
"206G","206G",17,17,"AG",0
"206G","206G",17,17,"Forb",0
"206G","206G",21,21,"PG",37
"206G","206G",21,21,"AG",0
"206G","206G",21,21,"Forb",0
"206G","206G",25,25,"PG",45
"206G","206G",25,25,"AG",0
"206G","206G",25,25,"Forb",0
"206G","206G",29,29,"PG",36.5
"206G","206G",29,29,"AG",0
"206G","206G",29,29,"Forb",0
"207A","207A",1,1,"PG",30
"207A","207A",1,1,"AG",0
"207A","207A",1,1,"Forb",0
"207A","207A",5,5,"PG",32
"207A","207A",5,5,"AG",0
"207A","207A",5,5,"Forb",0
"207A","207A",9,9,"PG",49.5
"207A","207A",9,9,"AG",0
"207A","207A",9,9,"Forb",0
"207A","207A",13,13,"PG",15
"207A","207A",13,13,"AG",0
"207A","207A",13,13,"Forb",3
"207A","207A",17,17,"PG",9.5
"207A","207A",17,17,"AG",0
"207A","207A",17,17,"Forb",0
"207A","207A",21,21,"PG",37
"207A","207A",21,21,"AG",0
"207A","207A",21,21,"Forb",0
"207A","207A",25,25,"PG",3
"207A","207A",25,25,"AG",2
"207A","207A",25,25,"Forb",0
"207A","207A",29,29,"PG",38.5
"207A","207A",29,29,"AG",0
"207A","207A",29,29,"Forb",0
"207G","207G",1,1,"PG",0
"207G","207G",1,1,"AG",0
"207G","207G",1,1,"Forb",7
"207G","207G",5,5,"PG",0
"207G","207G",5,5,"AG",0
"207G","207G",5,5,"Forb",7
"207G","207G",9,9,"PG",0
"207G","207G",9,9,"AG",0
"207G","207G",9,9,"Forb",6
"207G","207G",13,13,"PG",0
"207G","207G",13,13,"AG",0
"207G","207G",13,13,"Forb",11
"207G","207G",17,17,"PG",0
"207G","207G",17,17,"AG",0
"207G","207G",17,17,"Forb",7.5
"207G","207G",21,21,"PG",0
"207G","207G",21,21,"AG",0
"207G","207G",21,21,"Forb",7
"207G","207G",25,25,"PG",0
"207G","207G",25,25,"AG",0
"207G","207G",25,25,"Forb",7.5
"207G","207G",29,29,"PG",0
"207G","207G",29,29,"AG",0
"207G","207G",29,29,"Forb",11
"208A","208A",1,1,"PG",17
"208A","208A",1,1,"AG",15
"208A","208A",1,1,"Forb",4
"208A","208A",5,5,"PG",22
"208A","208A",5,5,"AG",14
"208A","208A",5,5,"Forb",5
"208A","208A",9,9,"PG",25
"208A","208A",9,9,"AG",0
"208A","208A",9,9,"Forb",0
"208A","208A",13,13,"PG",47
"208A","208A",13,13,"AG",5
"208A","208A",13,13,"Forb",7
"208A","208A",17,17,"PG",48
"208A","208A",17,17,"AG",0
"208A","208A",17,17,"Forb",0
"208A","208A",21,21,"PG",33.5
"208A","208A",21,21,"AG",6
"208A","208A",21,21,"Forb",0
"208A","208A",25,25,"PG",16
"208A","208A",25,25,"AG",13.5
"208A","208A",25,25,"Forb",0
"208A","208A",29,29,"PG",31
"208A","208A",29,29,"AG",7
"208A","208A",29,29,"Forb",3
"208G","208G",1,1,"PG",4.5
"208G","208G",1,1,"AG",9
"208G","208G",1,1,"Forb",6.5
"208G","208G",5,5,"PG",14
"208G","208G",5,5,"AG",11
"208G","208G",5,5,"Forb",9
"208G","208G",9,9,"PG",18
"208G","208G",9,9,"AG",2
"208G","208G",9,9,"Forb",12
"208G","208G",13,13,"PG",9.5
"208G","208G",13,13,"AG",6.5
"208G","208G",13,13,"Forb",14
"208G","208G",17,17,"PG",23
"208G","208G",17,17,"AG",8
"208G","208G",17,17,"Forb",12
"208G","208G",21,21,"PG",16.5
"208G","208G",21,21,"AG",12
"208G","208G",21,21,"Forb",16
"208G","208G",25,25,"PG",12
"208G","208G",25,25,"AG",7
"208G","208G",25,25,"Forb",14.2
"208G","208G",29,29,"PG",8
"208G","208G",29,29,"AG",6.5
"208G","208G",29,29,"Forb",15
"209A","209A",1,1,"PG",50
"209A","209A",1,1,"AG",0
"209A","209A",1,1,"Forb",0
"209A","209A",5,5,"PG",45
"209A","209A",5,5,"AG",0
"209A","209A",5,5,"Forb",0
"209A","209A",9,9,"PG",44
"209A","209A",9,9,"AG",0
"209A","209A",9,9,"Forb",0
"209A","209A",13,13,"PG",49
"209A","209A",13,13,"AG",0
"209A","209A",13,13,"Forb",0
"209A","209A",17,17,"PG",53
"209A","209A",17,17,"AG",0
"209A","209A",17,17,"Forb",0
"209A","209A",21,21,"PG",58
"209A","209A",21,21,"AG",5.5
"209A","209A",21,21,"Forb",0
"209A","209A",25,25,"PG",32
"209A","209A",25,25,"AG",0
"209A","209A",25,25,"Forb",0
"209A","209A",29,29,"PG",51
"209A","209A",29,29,"AG",0
"209A","209A",29,29,"Forb",0
"209G","209G",1,1,"PG",50
"209G","209G",1,1,"AG",12
"209G","209G",1,1,"Forb",27
"209G","209G",5,5,"PG",32
"209G","209G",5,5,"AG",13
"209G","209G",5,5,"Forb",22.5
"209G","209G",9,9,"PG",40
"209G","209G",9,9,"AG",7
"209G","209G",9,9,"Forb",11
"209G","209G",13,13,"PG",26
"209G","209G",13,13,"AG",7
"209G","209G",13,13,"Forb",5.5
"209G","209G",17,17,"PG",44
"209G","209G",17,17,"AG",9
"209G","209G",17,17,"Forb",24
"209G","209G",21,21,"PG",37.5
"209G","209G",21,21,"AG",7
"209G","209G",21,21,"Forb",18
"209G","209G",25,25,"PG",32
"209G","209G",25,25,"AG",8
"209G","209G",25,25,"Forb",8.5
"209G","209G",29,29,"PG",33
"209G","209G",29,29,"AG",12
"209G","209G",29,29,"Forb",42.5
"210A","210A",1,1,"PG",28
"210A","210A",1,1,"AG",0
"210A","210A",1,1,"Forb",8
"210A","210A",5,5,"PG",21.5
"210A","210A",5,5,"AG",23
"210A","210A",5,5,"Forb",3
"210A","210A",9,9,"PG",45
"210A","210A",9,9,"AG",0
"210A","210A",9,9,"Forb",0
"210A","210A",13,13,"PG",62
"210A","210A",13,13,"AG",14.5
"210A","210A",13,13,"Forb",0
"210A","210A",17,17,"PG",44
"210A","210A",17,17,"AG",17.5
"210A","210A",17,17,"Forb",6
"210A","210A",21,21,"PG",35
"210A","210A",21,21,"AG",0
"210A","210A",21,21,"Forb",9
"210A","210A",25,25,"PG",48
"210A","210A",25,25,"AG",32
"210A","210A",25,25,"Forb",20
"210A","210A",29,29,"PG",22
"210A","210A",29,29,"AG",9
"210A","210A",29,29,"Forb",10
"210G","210G",1,1,"PG",8
"210G","210G",1,1,"AG",12
"210G","210G",1,1,"Forb",12
"210G","210G",5,5,"PG",10
"210G","210G",5,5,"AG",6
"210G","210G",5,5,"Forb",4
"210G","210G",9,9,"PG",16
"210G","210G",9,9,"AG",10
"210G","210G",9,9,"Forb",16
"210G","210G",13,13,"PG",14
"210G","210G",13,13,"AG",8
"210G","210G",13,13,"Forb",14.5
"210G","210G",17,17,"PG",19
"210G","210G",17,17,"AG",13
"210G","210G",17,17,"Forb",20
"210G","210G",21,21,"PG",19
"210G","210G",21,21,"AG",9
"210G","210G",21,21,"Forb",11
"210G","210G",25,25,"PG",29
"210G","210G",25,25,"AG",11
"210G","210G",25,25,"Forb",14
"210G","210G",29,29,"PG",10
"210G","210G",29,29,"AG",16.5
"210G","210G",29,29,"Forb",7.5
"211A","211A",1,1,"PG",12.5
"211A","211A",1,1,"AG",5
"211A","211A",1,1,"Forb",4
"211A","211A",5,5,"PG",21
"211A","211A",5,5,"AG",0
"211A","211A",5,5,"Forb",0
"211A","211A",9,9,"PG",35.5
"211A","211A",9,9,"AG",3
"211A","211A",9,9,"Forb",0
"211A","211A",13,13,"PG",36
"211A","211A",13,13,"AG",7
"211A","211A",13,13,"Forb",0
"211A","211A",17,17,"PG",9
"211A","211A",17,17,"AG",9
"211A","211A",17,17,"Forb",0
"211A","211A",21,21,"PG",34
"211A","211A",21,21,"AG",0
"211A","211A",21,21,"Forb",0
"211A","211A",25,25,"PG",9
"211A","211A",25,25,"AG",0
"211A","211A",25,25,"Forb",0
"211A","211A",29,29,"PG",14
"211A","211A",29,29,"AG",0
"211A","211A",29,29,"Forb",0
"211G","211G",1,1,"PG",24
"211G","211G",1,1,"AG",12
"211G","211G",1,1,"Forb",16
"211G","211G",5,5,"PG",26
"211G","211G",5,5,"AG",9
"211G","211G",5,5,"Forb",20
"211G","211G",9,9,"PG",23
"211G","211G",9,9,"AG",10
"211G","211G",9,9,"Forb",11
"211G","211G",13,13,"PG",17
"211G","211G",13,13,"AG",0
"211G","211G",13,13,"Forb",37.5
"211G","211G",17,17,"PG",24
"211G","211G",17,17,"AG",0
"211G","211G",17,17,"Forb",16
"211G","211G",21,21,"PG",17.5
"211G","211G",21,21,"AG",0
"211G","211G",21,21,"Forb",6
"211G","211G",25,25,"PG",23
"211G","211G",25,25,"AG",0
"211G","211G",25,25,"Forb",24
"211G","211G",29,29,"PG",16
"211G","211G",29,29,"AG",0
"211G","211G",29,29,"Forb",17.5
"212A","212A",1,1,"PG",31
"212A","212A",1,1,"AG",6
"212A","212A",1,1,"Forb",2
"212A","212A",5,5,"PG",19
"212A","212A",5,5,"AG",11
"212A","212A",5,5,"Forb",19
"212A","212A",9,9,"PG",37
"212A","212A",9,9,"AG",0
"212A","212A",9,9,"Forb",0
"212A","212A",13,13,"PG",34
"212A","212A",13,13,"AG",0
"212A","212A",13,13,"Forb",0
"212A","212A",17,17,"PG",39
"212A","212A",17,17,"AG",8
"212A","212A",17,17,"Forb",4
"212A","212A",21,21,"PG",15
"212A","212A",21,21,"AG",5
"212A","212A",21,21,"Forb",0
"212A","212A",25,25,"PG",22
"212A","212A",25,25,"AG",13
"212A","212A",25,25,"Forb",5
"212A","212A",29,29,"PG",24
"212A","212A",29,29,"AG",0
"212A","212A",29,29,"Forb",0
"212G","212G",1,1,"PG",19
"212G","212G",1,1,"AG",0
"212G","212G",1,1,"Forb",2
"212G","212G",5,5,"PG",38
"212G","212G",5,5,"AG",14
"212G","212G",5,5,"Forb",11
"212G","212G",9,9,"PG",34
"212G","212G",9,9,"AG",0
"212G","212G",9,9,"Forb",29
"212G","212G",13,13,"PG",38
"212G","212G",13,13,"AG",0
"212G","212G",13,13,"Forb",18
"212G","212G",17,17,"PG",35
"212G","212G",17,17,"AG",0
"212G","212G",17,17,"Forb",16
"212G","212G",21,21,"PG",27
"212G","212G",21,21,"AG",10
"212G","212G",21,21,"Forb",0
"212G","212G",25,25,"PG",21
"212G","212G",25,25,"AG",5.5
"212G","212G",25,25,"Forb",32
"212G","212G",29,29,"PG",39
"212G","212G",29,29,"AG",12
"212G","212G",29,29,"Forb",16
"213A","213A",1,1,"PG",44.5
"213A","213A",1,1,"AG",0
"213A","213A",1,1,"Forb",0
"213A","213A",5,5,"PG",40
"213A","213A",5,5,"AG",0
"213A","213A",5,5,"Forb",0
"213A","213A",9,9,"PG",48
"213A","213A",9,9,"AG",0
"213A","213A",9,9,"Forb",0
"213A","213A",13,13,"PG",47.5
"213A","213A",13,13,"AG",0
"213A","213A",13,13,"Forb",0
"213A","213A",17,17,"PG",56
"213A","213A",17,17,"AG",0
"213A","213A",17,17,"Forb",0
"213A","213A",21,21,"PG",44.5
"213A","213A",21,21,"AG",0
"213A","213A",21,21,"Forb",0
"213A","213A",25,25,"PG",39
"213A","213A",25,25,"AG",0
"213A","213A",25,25,"Forb",0
"213A","213A",29,29,"PG",37
"213A","213A",29,29,"AG",0
"213A","213A",29,29,"Forb",0
"213G","213G",1,1,"PG",19
"213G","213G",1,1,"AG",10
"213G","213G",1,1,"Forb",16
"213G","213G",5,5,"PG",29
"213G","213G",5,5,"AG",10
"213G","213G",5,5,"Forb",22
"213G","213G",9,9,"PG",30
"213G","213G",9,9,"AG",14
"213G","213G",9,9,"Forb",22
"213G","213G",13,13,"PG",32
"213G","213G",13,13,"AG",4
"213G","213G",13,13,"Forb",15
"213G","213G",17,17,"PG",28
"213G","213G",17,17,"AG",7
"213G","213G",17,17,"Forb",13
"213G","213G",21,21,"PG",19
"213G","213G",21,21,"AG",6
"213G","213G",21,21,"Forb",17
"213G","213G",25,25,"PG",28
"213G","213G",25,25,"AG",19
"213G","213G",25,25,"Forb",10.5
"213G","213G",29,29,"PG",20
"213G","213G",29,29,"AG",4
"213G","213G",29,29,"Forb",0
"214A","214A",1,1,"PG",30
"214A","214A",1,1,"AG",10
"214A","214A",1,1,"Forb",0
"214A","214A",5,5,"PG",31
"214A","214A",5,5,"AG",8.5
"214A","214A",5,5,"Forb",3
"214A","214A",9,9,"PG",44
"214A","214A",9,9,"AG",0
"214A","214A",9,9,"Forb",0
"214A","214A",13,13,"PG",38.5
"214A","214A",13,13,"AG",0
"214A","214A",13,13,"Forb",0
"214A","214A",17,17,"PG",53
"214A","214A",17,17,"AG",0
"214A","214A",17,17,"Forb",3
"214A","214A",21,21,"PG",45
"214A","214A",21,21,"AG",0
"214A","214A",21,21,"Forb",0
"214A","214A",25,25,"PG",23
"214A","214A",25,25,"AG",0
"214A","214A",25,25,"Forb",0
"214A","214A",29,29,"PG",46
"214A","214A",29,29,"AG",0
"214A","214A",29,29,"Forb",0
"214G","214G",1,1,"PG",17
"214G","214G",1,1,"AG",9
"214G","214G",1,1,"Forb",0
"214G","214G",5,5,"PG",40
"214G","214G",5,5,"AG",0
"214G","214G",5,5,"Forb",6.5
"214G","214G",9,9,"PG",37
"214G","214G",9,9,"AG",8
"214G","214G",9,9,"Forb",25
"214G","214G",13,13,"PG",0
"214G","214G",13,13,"AG",0
"214G","214G",13,13,"Forb",7
"214G","214G",17,17,"PG",20
"214G","214G",17,17,"AG",10
"214G","214G",17,17,"Forb",0
"214G","214G",21,21,"PG",0
"214G","214G",21,21,"AG",0
"214G","214G",21,21,"Forb",6
"214G","214G",25,25,"PG",29
"214G","214G",25,25,"AG",0
"214G","214G",25,25,"Forb",5
"214G","214G",29,29,"PG",27
"214G","214G",29,29,"AG",0
"214G","214G",29,29,"Forb",6
"215A","215A",1,1,"PG",33
"215A","215A",1,1,"AG",0
"215A","215A",1,1,"Forb",0
"215A","215A",5,5,"PG",4
"215A","215A",5,5,"AG",6
"215A","215A",5,5,"Forb",0
"215A","215A",9,9,"PG",15
"215A","215A",9,9,"AG",0
"215A","215A",9,9,"Forb",0
"215A","215A",13,13,"PG",33
"215A","215A",13,13,"AG",0
"215A","215A",13,13,"Forb",0
"215A","215A",17,17,"PG",37
"215A","215A",17,17,"AG",0
"215A","215A",17,17,"Forb",0
"215A","215A",21,21,"PG",83
"215A","215A",21,21,"AG",0
"215A","215A",21,21,"Forb",0
"215A","215A",25,25,"PG",6
"215A","215A",25,25,"AG",7
"215A","215A",25,25,"Forb",17
"215A","215A",29,29,"PG",7
"215A","215A",29,29,"AG",0
"215A","215A",29,29,"Forb",0
"215G","215G",1,1,"PG",8
"215G","215G",1,1,"AG",0
"215G","215G",1,1,"Forb",6.5
"215G","215G",5,5,"PG",54
"215G","215G",5,5,"AG",0
"215G","215G",5,5,"Forb",17
"215G","215G",9,9,"PG",46
"215G","215G",9,9,"AG",0
"215G","215G",9,9,"Forb",52.5
"215G","215G",13,13,"PG",12
"215G","215G",13,13,"AG",0
"215G","215G",13,13,"Forb",11
"215G","215G",17,17,"PG",0
"215G","215G",17,17,"AG",0
"215G","215G",17,17,"Forb",10
"215G","215G",21,21,"PG",4
"215G","215G",21,21,"AG",0
"215G","215G",21,21,"Forb",4
"215G","215G",25,25,"PG",23
"215G","215G",25,25,"AG",0
"215G","215G",25,25,"Forb",10
"215G","215G",29,29,"PG",36
"215G","215G",29,29,"AG",0
"215G","215G",29,29,"Forb",11
"216A","216A",1,1,"PG",0
"216A","216A",1,1,"AG",14
"216A","216A",1,1,"Forb",14.5
"216A","216A",5,5,"PG",0
"216A","216A",5,5,"AG",19
"216A","216A",5,5,"Forb",7
"216A","216A",9,9,"PG",5
"216A","216A",9,9,"AG",13.5
"216A","216A",9,9,"Forb",45
"216A","216A",13,13,"PG",0
"216A","216A",13,13,"AG",23
"216A","216A",13,13,"Forb",31
"216A","216A",17,17,"PG",0
"216A","216A",17,17,"AG",16
"216A","216A",17,17,"Forb",17
"216A","216A",21,21,"PG",0
"216A","216A",21,21,"AG",19
"216A","216A",21,21,"Forb",26
"216A","216A",25,25,"PG",0
"216A","216A",25,25,"AG",19
"216A","216A",25,25,"Forb",15
"216A","216A",29,29,"PG",0
"216A","216A",29,29,"AG",19
"216A","216A",29,29,"Forb",12
"216G","216G",1,1,"PG",20
"216G","216G",1,1,"AG",0
"216G","216G",1,1,"Forb",67
"216G","216G",5,5,"PG",65
"216G","216G",5,5,"AG",0
"216G","216G",5,5,"Forb",19
"216G","216G",9,9,"PG",59.5
"216G","216G",9,9,"AG",3
"216G","216G",9,9,"Forb",0
"216G","216G",13,13,"PG",13
"216G","216G",13,13,"AG",8
"216G","216G",13,13,"Forb",7
"216G","216G",17,17,"PG",53
"216G","216G",17,17,"AG",3
"216G","216G",17,17,"Forb",2
"216G","216G",21,21,"PG",24
"216G","216G",21,21,"AG",0
"216G","216G",21,21,"Forb",37
"216G","216G",25,25,"PG",39
"216G","216G",25,25,"AG",0
"216G","216G",25,25,"Forb",22
"216G","216G",29,29,"PG",17
"216G","216G",29,29,"AG",0
"216G","216G",29,29,"Forb",5
"217A","217A",1,1,"PG",40
"217A","217A",1,1,"AG",8
"217A","217A",1,1,"Forb",4
"217A","217A",5,5,"PG",20
"217A","217A",5,5,"AG",5
"217A","217A",5,5,"Forb",4
"217A","217A",9,9,"PG",50.5
"217A","217A",9,9,"AG",16
"217A","217A",9,9,"Forb",0
"217A","217A",13,13,"PG",43.5
"217A","217A",13,13,"AG",13
"217A","217A",13,13,"Forb",13
"217A","217A",17,17,"PG",0
"217A","217A",17,17,"AG",19
"217A","217A",17,17,"Forb",7
"217A","217A",21,21,"PG",34
"217A","217A",21,21,"AG",0
"217A","217A",21,21,"Forb",3
"217A","217A",25,25,"PG",0
"217A","217A",25,25,"AG",16
"217A","217A",25,25,"Forb",13
"217A","217A",29,29,"PG",31
"217A","217A",29,29,"AG",3
"217A","217A",29,29,"Forb",0
"217G","217G",1,1,"PG",32
"217G","217G",1,1,"AG",0
"217G","217G",1,1,"Forb",24
"217G","217G",5,5,"PG",13
"217G","217G",5,5,"AG",6
"217G","217G",5,5,"Forb",12
"217G","217G",9,9,"PG",61
"217G","217G",9,9,"AG",0
"217G","217G",9,9,"Forb",7
"217G","217G",13,13,"PG",54
"217G","217G",13,13,"AG",0
"217G","217G",13,13,"Forb",0
"217G","217G",17,17,"PG",13
"217G","217G",17,17,"AG",0
"217G","217G",17,17,"Forb",7
"217G","217G",21,21,"PG",39
"217G","217G",21,21,"AG",0
"217G","217G",21,21,"Forb",4
"217G","217G",25,25,"PG",52
"217G","217G",25,25,"AG",0
"217G","217G",25,25,"Forb",0
"217G","217G",29,29,"PG",32
"217G","217G",29,29,"AG",3
"217G","217G",29,29,"Forb",2
"218A","218A",1,1,"PG",28
"218A","218A",1,1,"AG",6
"218A","218A",1,1,"Forb",0
"218A","218A",5,5,"PG",21
"218A","218A",5,5,"AG",9
"218A","218A",5,5,"Forb",0
"218A","218A",9,9,"PG",19
"218A","218A",9,9,"AG",5
"218A","218A",9,9,"Forb",0
"218A","218A",13,13,"PG",25
"218A","218A",13,13,"AG",19
"218A","218A",13,13,"Forb",0
"218A","218A",17,17,"PG",35
"218A","218A",17,17,"AG",15
"218A","218A",17,17,"Forb",0
"218A","218A",21,21,"PG",28
"218A","218A",21,21,"AG",8
"218A","218A",21,21,"Forb",0
"218A","218A",25,25,"PG",24
"218A","218A",25,25,"AG",5
"218A","218A",25,25,"Forb",0
"218A","218A",29,29,"PG",33
"218A","218A",29,29,"AG",16
"218A","218A",29,29,"Forb",0
"218G","218G",1,1,"PG",40
"218G","218G",1,1,"AG",6
"218G","218G",1,1,"Forb",23
"218G","218G",5,5,"PG",12
"218G","218G",5,5,"AG",14
"218G","218G",5,5,"Forb",1
"218G","218G",9,9,"PG",64
"218G","218G",9,9,"AG",5.5
"218G","218G",9,9,"Forb",0
"218G","218G",13,13,"PG",33
"218G","218G",13,13,"AG",0
"218G","218G",13,13,"Forb",3
"218G","218G",17,17,"PG",35
"218G","218G",17,17,"AG",0
"218G","218G",17,17,"Forb",11
"218G","218G",21,21,"PG",47
"218G","218G",21,21,"AG",11
"218G","218G",21,21,"Forb",14
"218G","218G",25,25,"PG",30
"218G","218G",25,25,"AG",7.5
"218G","218G",25,25,"Forb",12
"218G","218G",29,29,"PG",36
"218G","218G",29,29,"AG",15
"218G","218G",29,29,"Forb",25
"219A","219A",1,1,"PG",0
"219A","219A",1,1,"AG",27
"219A","219A",1,1,"Forb",24
"219A","219A",5,5,"PG",21
"219A","219A",5,5,"AG",5
"219A","219A",5,5,"Forb",2
"219A","219A",9,9,"PG",7
"219A","219A",9,9,"AG",20
"219A","219A",9,9,"Forb",10
"219A","219A",13,13,"PG",24
"219A","219A",13,13,"AG",22
"219A","219A",13,13,"Forb",11
"219A","219A",17,17,"PG",20
"219A","219A",17,17,"AG",7
"219A","219A",17,17,"Forb",4
"219A","219A",21,21,"PG",12
"219A","219A",21,21,"AG",25
"219A","219A",21,21,"Forb",15
"219A","219A",25,25,"PG",29
"219A","219A",25,25,"AG",14
"219A","219A",25,25,"Forb",0
"219A","219A",29,29,"PG",28
"219A","219A",29,29,"AG",3
"219A","219A",29,29,"Forb",2
"219G","219G",1,1,"PG",26
"219G","219G",1,1,"AG",5
"219G","219G",1,1,"Forb",7
"219G","219G",5,5,"PG",22.5
"219G","219G",5,5,"AG",9
"219G","219G",5,5,"Forb",12
"219G","219G",9,9,"PG",24.5
"219G","219G",9,9,"AG",5
"219G","219G",9,9,"Forb",10
"219G","219G",13,13,"PG",26
"219G","219G",13,13,"AG",7
"219G","219G",13,13,"Forb",5
"219G","219G",17,17,"PG",30
"219G","219G",17,17,"AG",0
"219G","219G",17,17,"Forb",6
"219G","219G",21,21,"PG",33
"219G","219G",21,21,"AG",8
"219G","219G",21,21,"Forb",7
"219G","219G",25,25,"PG",26
"219G","219G",25,25,"AG",8.5
"219G","219G",25,25,"Forb",3
"219G","219G",29,29,"PG",6
"219G","219G",29,29,"AG",11
"219G","219G",29,29,"Forb",9
"220A","220A",1,1,"PG",0
"220A","220A",1,1,"AG",11
"220A","220A",1,1,"Forb",5
"220A","220A",5,5,"PG",43
"220A","220A",5,5,"AG",8
"220A","220A",5,5,"Forb",0
"220A","220A",9,9,"PG",0
"220A","220A",9,9,"AG",10
"220A","220A",9,9,"Forb",9
"220A","220A",13,13,"PG",9.5
"220A","220A",13,13,"AG",7
"220A","220A",13,13,"Forb",8
"220A","220A",17,17,"PG",25
"220A","220A",17,17,"AG",4
"220A","220A",17,17,"Forb",4
"220A","220A",21,21,"PG",0
"220A","220A",21,21,"AG",12
"220A","220A",21,21,"Forb",6
"220A","220A",25,25,"PG",23
"220A","220A",25,25,"AG",13
"220A","220A",25,25,"Forb",4
"220A","220A",29,29,"PG",4
"220A","220A",29,29,"AG",10
"220A","220A",29,29,"Forb",2
"220G","220G",1,1,"PG",4
"220G","220G",1,1,"AG",0
"220G","220G",1,1,"Forb",6
"220G","220G",5,5,"PG",8.5
"220G","220G",5,5,"AG",0
"220G","220G",5,5,"Forb",4
"220G","220G",9,9,"PG",11
"220G","220G",9,9,"AG",5
"220G","220G",9,9,"Forb",13
"220G","220G",13,13,"PG",28
"220G","220G",13,13,"AG",6
"220G","220G",13,13,"Forb",0
"220G","220G",17,17,"PG",10.5
"220G","220G",17,17,"AG",3.5
"220G","220G",17,17,"Forb",3
"220G","220G",21,21,"PG",6
"220G","220G",21,21,"AG",4
"220G","220G",21,21,"Forb",5
"220G","220G",25,25,"PG",13.5
"220G","220G",25,25,"AG",7.5
"220G","220G",25,25,"Forb",3.5
"220G","220G",29,29,"PG",10
"220G","220G",29,29,"AG",9
"220G","220G",29,29,"Forb",8
"221A","221A",1,1,"PG",45
"221A","221A",1,1,"AG",20
"221A","221A",1,1,"Forb",27
"221A","221A",5,5,"PG",31
"221A","221A",5,5,"AG",0
"221A","221A",5,5,"Forb",0
"221A","221A",9,9,"PG",30
"221A","221A",9,9,"AG",0
"221A","221A",9,9,"Forb",0
"221A","221A",13,13,"PG",51
"221A","221A",13,13,"AG",0
"221A","221A",13,13,"Forb",0
"221A","221A",17,17,"PG",40
"221A","221A",17,17,"AG",0
"221A","221A",17,17,"Forb",0
"221A","221A",21,21,"PG",36
"221A","221A",21,21,"AG",0
"221A","221A",21,21,"Forb",0
"221A","221A",25,25,"PG",38
"221A","221A",25,25,"AG",0
"221A","221A",25,25,"Forb",4
"221A","221A",29,29,"PG",50
"221A","221A",29,29,"AG",0
"221A","221A",29,29,"Forb",31
"221G","221G",1,1,"PG",22
"221G","221G",1,1,"AG",0
"221G","221G",1,1,"Forb",0
"221G","221G",5,5,"PG",21
"221G","221G",5,5,"AG",0
"221G","221G",5,5,"Forb",0
"221G","221G",9,9,"PG",39
"221G","221G",9,9,"AG",9
"221G","221G",9,9,"Forb",0
"221G","221G",13,13,"PG",22
"221G","221G",13,13,"AG",5
"221G","221G",13,13,"Forb",0
"221G","221G",17,17,"PG",28
"221G","221G",17,17,"AG",0
"221G","221G",17,17,"Forb",0
"221G","221G",21,21,"PG",27
"221G","221G",21,21,"AG",3
"221G","221G",21,21,"Forb",0
"221G","221G",25,25,"PG",32
"221G","221G",25,25,"AG",0
"221G","221G",25,25,"Forb",0
"221G","221G",29,29,"PG",38
"221G","221G",29,29,"AG",6
"221G","221G",29,29,"Forb",44
"222A","222A",1,1,"PG",6
"222A","222A",1,1,"AG",0
"222A","222A",1,1,"Forb",4
"222A","222A",5,5,"PG",5
"222A","222A",5,5,"AG",0
"222A","222A",5,5,"Forb",2
"222A","222A",9,9,"PG",14
"222A","222A",9,9,"AG",0
"222A","222A",9,9,"Forb",11
"222A","222A",13,13,"PG",4
"222A","222A",13,13,"AG",0
"222A","222A",13,13,"Forb",2
"222A","222A",17,17,"PG",0
"222A","222A",17,17,"AG",10
"222A","222A",17,17,"Forb",4
"222A","222A",21,21,"PG",0
"222A","222A",21,21,"AG",10
"222A","222A",21,21,"Forb",12
"222A","222A",25,25,"PG",0
"222A","222A",25,25,"AG",15
"222A","222A",25,25,"Forb",14
"222A","222A",29,29,"PG",0
"222A","222A",29,29,"AG",12
"222A","222A",29,29,"Forb",8
"222G","222G",1,1,"PG",0
"222G","222G",1,1,"AG",0
"222G","222G",1,1,"Forb",10
"222G","222G",5,5,"PG",0
"222G","222G",5,5,"AG",12
"222G","222G",5,5,"Forb",9
"222G","222G",9,9,"PG",34
"222G","222G",9,9,"AG",0
"222G","222G",9,9,"Forb",4.5
"222G","222G",13,13,"PG",27
"222G","222G",13,13,"AG",0
"222G","222G",13,13,"Forb",0
"222G","222G",17,17,"PG",0
"222G","222G",17,17,"AG",0
"222G","222G",17,17,"Forb",10
"222G","222G",21,21,"PG",2
"222G","222G",21,21,"AG",0
"222G","222G",21,21,"Forb",6.5
"222G","222G",25,25,"PG",0
"222G","222G",25,25,"AG",0
"222G","222G",25,25,"Forb",15
"222G","222G",29,29,"PG",0
"222G","222G",29,29,"AG",0
"222G","222G",29,29,"Forb",11.5
"223A","223A",1,1,"PG",35
"223A","223A",1,1,"AG",6
"223A","223A",1,1,"Forb",3
"223A","223A",5,5,"PG",29
"223A","223A",5,5,"AG",0
"223A","223A",5,5,"Forb",0
"223A","223A",9,9,"PG",37
"223A","223A",9,9,"AG",8
"223A","223A",9,9,"Forb",10
"223A","223A",13,13,"PG",0
"223A","223A",13,13,"AG",17
"223A","223A",13,13,"Forb",9
"223A","223A",17,17,"PG",0
"223A","223A",17,17,"AG",13
"223A","223A",17,17,"Forb",10
"223A","223A",21,21,"PG",56
"223A","223A",21,21,"AG",9
"223A","223A",21,21,"Forb",5
"223A","223A",25,25,"PG",15
"223A","223A",25,25,"AG",0
"223A","223A",25,25,"Forb",7
"223A","223A",29,29,"PG",64
"223A","223A",29,29,"AG",0
"223A","223A",29,29,"Forb",7
"223G","223G",1,1,"PG",82
"223G","223G",1,1,"AG",0
"223G","223G",1,1,"Forb",0
"223G","223G",5,5,"PG",0
"223G","223G",5,5,"AG",0
"223G","223G",5,5,"Forb",12
"223G","223G",9,9,"PG",48
"223G","223G",9,9,"AG",0
"223G","223G",9,9,"Forb",4
"223G","223G",13,13,"PG",4
"223G","223G",13,13,"AG",0
"223G","223G",13,13,"Forb",4
"223G","223G",17,17,"PG",59
"223G","223G",17,17,"AG",0
"223G","223G",17,17,"Forb",11
"223G","223G",21,21,"PG",0
"223G","223G",21,21,"AG",0
"223G","223G",21,21,"Forb",14
"223G","223G",25,25,"PG",0
"223G","223G",25,25,"AG",0
"223G","223G",25,25,"Forb",18
"223G","223G",29,29,"PG",0
"223G","223G",29,29,"AG",0
"223G","223G",29,29,"Forb",33
"224A","224A",1,1,"PG",45
"224A","224A",1,1,"AG",0
"224A","224A",1,1,"Forb",0
"224A","224A",5,5,"PG",48.5
"224A","224A",5,5,"AG",0
"224A","224A",5,5,"Forb",0
"224A","224A",9,9,"PG",8.5
"224A","224A",9,9,"AG",0
"224A","224A",9,9,"Forb",0
"224A","224A",13,13,"PG",43
"224A","224A",13,13,"AG",10
"224A","224A",13,13,"Forb",20
"224A","224A",17,17,"PG",55
"224A","224A",17,17,"AG",10
"224A","224A",17,17,"Forb",4
"224A","224A",21,21,"PG",32
"224A","224A",21,21,"AG",4
"224A","224A",21,21,"Forb",16
"224A","224A",25,25,"PG",54.5
"224A","224A",25,25,"AG",0
"224A","224A",25,25,"Forb",0
"224A","224A",29,29,"PG",48
"224A","224A",29,29,"AG",8
"224A","224A",29,29,"Forb",0
"224G","224G",1,1,"PG",21
"224G","224G",1,1,"AG",27
"224G","224G",1,1,"Forb",23
"224G","224G",5,5,"PG",13
"224G","224G",5,5,"AG",24
"224G","224G",5,5,"Forb",12
"224G","224G",9,9,"PG",26
"224G","224G",9,9,"AG",0
"224G","224G",9,9,"Forb",6
"224G","224G",13,13,"PG",32
"224G","224G",13,13,"AG",20
"224G","224G",13,13,"Forb",12
"224G","224G",17,17,"PG",8
"224G","224G",17,17,"AG",26
"224G","224G",17,17,"Forb",8
"224G","224G",21,21,"PG",6
"224G","224G",21,21,"AG",11
"224G","224G",21,21,"Forb",15
"224G","224G",25,25,"PG",11
"224G","224G",25,25,"AG",15
"224G","224G",25,25,"Forb",20
"224G","224G",29,29,"PG",14
"224G","224G",29,29,"AG",20
"224G","224G",29,29,"Forb",12
"225A","225A",1,1,"PG",22
"225A","225A",1,1,"AG",0
"225A","225A",1,1,"Forb",0
"225A","225A",5,5,"PG",5
"225A","225A",5,5,"AG",0
"225A","225A",5,5,"Forb",5
"225A","225A",9,9,"PG",34
"225A","225A",9,9,"AG",0
"225A","225A",9,9,"Forb",31
"225A","225A",13,13,"PG",13
"225A","225A",13,13,"AG",12.5
"225A","225A",13,13,"Forb",43
"225A","225A",17,17,"PG",5
"225A","225A",17,17,"AG",0
"225A","225A",17,17,"Forb",32
"225A","225A",21,21,"PG",8
"225A","225A",21,21,"AG",2
"225A","225A",21,21,"Forb",42.5
"225A","225A",25,25,"PG",15
"225A","225A",25,25,"AG",6
"225A","225A",25,25,"Forb",4
"225A","225A",29,29,"PG",19
"225A","225A",29,29,"AG",20
"225A","225A",29,29,"Forb",15
"225G","225G",1,1,"PG",35
"225G","225G",1,1,"AG",20
"225G","225G",1,1,"Forb",18
"225G","225G",5,5,"PG",41
"225G","225G",5,5,"AG",17
"225G","225G",5,5,"Forb",21
"225G","225G",9,9,"PG",43
"225G","225G",9,9,"AG",16
"225G","225G",9,9,"Forb",34
"225G","225G",13,13,"PG",32
"225G","225G",13,13,"AG",23
"225G","225G",13,13,"Forb",8
"225G","225G",17,17,"PG",37
"225G","225G",17,17,"AG",15
"225G","225G",17,17,"Forb",24
"225G","225G",21,21,"PG",40
"225G","225G",21,21,"AG",24
"225G","225G",21,21,"Forb",18
"225G","225G",25,25,"PG",48
"225G","225G",25,25,"AG",17
"225G","225G",25,25,"Forb",28
"225G","225G",29,29,"PG",28
"225G","225G",29,29,"AG",16
"225G","225G",29,29,"Forb",28
"226A","226A",1,1,"PG",32
"226A","226A",1,1,"AG",24
"226A","226A",1,1,"Forb",48
"226A","226A",5,5,"PG",36
"226A","226A",5,5,"AG",0
"226A","226A",5,5,"Forb",0
"226A","226A",9,9,"PG",29
"226A","226A",9,9,"AG",0
"226A","226A",9,9,"Forb",0
"226A","226A",13,13,"PG",37
"226A","226A",13,13,"AG",14
"226A","226A",13,13,"Forb",9
"226A","226A",17,17,"PG",22
"226A","226A",17,17,"AG",21
"226A","226A",17,17,"Forb",16
"226A","226A",21,21,"PG",27
"226A","226A",21,21,"AG",20
"226A","226A",21,21,"Forb",6
"226A","226A",25,25,"PG",42
"226A","226A",25,25,"AG",0
"226A","226A",25,25,"Forb",0
"226A","226A",29,29,"PG",37
"226A","226A",29,29,"AG",15.5
"226A","226A",29,29,"Forb",7.5
"226G","226G",1,1,"PG",26.5
"226G","226G",1,1,"AG",19
"226G","226G",1,1,"Forb",28.5
"226G","226G",5,5,"PG",30
"226G","226G",5,5,"AG",8
"226G","226G",5,5,"Forb",29
"226G","226G",9,9,"PG",16.5
"226G","226G",9,9,"AG",14
"226G","226G",9,9,"Forb",8
"226G","226G",13,13,"PG",22.5
"226G","226G",13,13,"AG",16
"226G","226G",13,13,"Forb",22
"226G","226G",17,17,"PG",22
"226G","226G",17,17,"AG",11.5
"226G","226G",17,17,"Forb",2
"226G","226G",21,21,"PG",19
"226G","226G",21,21,"AG",17
"226G","226G",21,21,"Forb",26
"226G","226G",25,25,"PG",23
"226G","226G",25,25,"AG",11
"226G","226G",25,25,"Forb",8
"226G","226G",29,29,"PG",22
"226G","226G",29,29,"AG",9
"226G","226G",29,29,"Forb",3
"227A","227A",1,1,"PG",35
"227A","227A",1,1,"AG",14.5
"227A","227A",1,1,"Forb",5
"227A","227A",5,5,"PG",39
"227A","227A",5,5,"AG",18
"227A","227A",5,5,"Forb",0
"227A","227A",9,9,"PG",47
"227A","227A",9,9,"AG",16
"227A","227A",9,9,"Forb",4
"227A","227A",13,13,"PG",35.5
"227A","227A",13,13,"AG",22
"227A","227A",13,13,"Forb",6.5
"227A","227A",17,17,"PG",36
"227A","227A",17,17,"AG",15
"227A","227A",17,17,"Forb",0
"227A","227A",21,21,"PG",34
"227A","227A",21,21,"AG",9
"227A","227A",21,21,"Forb",33
"227A","227A",25,25,"PG",55
"227A","227A",25,25,"AG",20
"227A","227A",25,25,"Forb",0
"227A","227A",29,29,"PG",45
"227A","227A",29,29,"AG",5
"227A","227A",29,29,"Forb",0
"227G","227G",1,1,"PG",28
"227G","227G",1,1,"AG",17
"227G","227G",1,1,"Forb",16
"227G","227G",5,5,"PG",25.5
"227G","227G",5,5,"AG",15
"227G","227G",5,5,"Forb",7.5
"227G","227G",9,9,"PG",26
"227G","227G",9,9,"AG",8
"227G","227G",9,9,"Forb",11
"227G","227G",13,13,"PG",26
"227G","227G",13,13,"AG",14
"227G","227G",13,13,"Forb",5.5
"227G","227G",17,17,"PG",29.5
"227G","227G",17,17,"AG",15.5
"227G","227G",17,17,"Forb",5
"227G","227G",21,21,"PG",29
"227G","227G",21,21,"AG",14
"227G","227G",21,21,"Forb",4
"227G","227G",25,25,"PG",32.5
"227G","227G",25,25,"AG",15
"227G","227G",25,25,"Forb",12
"227G","227G",29,29,"PG",33
"227G","227G",29,29,"AG",18
"227G","227G",29,29,"Forb",0
"228A","228A",1,1,"PG",0
"228A","228A",1,1,"AG",28
"228A","228A",1,1,"Forb",59
"228A","228A",5,5,"PG",28
"228A","228A",5,5,"AG",16.5
"228A","228A",5,5,"Forb",20
"228A","228A",9,9,"PG",21
"228A","228A",9,9,"AG",6
"228A","228A",9,9,"Forb",4
"228A","228A",13,13,"PG",32
"228A","228A",13,13,"AG",17
"228A","228A",13,13,"Forb",24.5
"228A","228A",17,17,"PG",30
"228A","228A",17,17,"AG",14
"228A","228A",17,17,"Forb",3
"228A","228A",21,21,"PG",22
"228A","228A",21,21,"AG",22.5
"228A","228A",21,21,"Forb",34
"228A","228A",25,25,"PG",24
"228A","228A",25,25,"AG",12
"228A","228A",25,25,"Forb",17.5
"228A","228A",29,29,"PG",21.5
"228A","228A",29,29,"AG",11.5
"228A","228A",29,29,"Forb",12
"228G","228G",1,1,"PG",0
"228G","228G",1,1,"AG",38
"228G","228G",1,1,"Forb",40
"228G","228G",5,5,"PG",27.5
"228G","228G",5,5,"AG",23
"228G","228G",5,5,"Forb",32
"228G","228G",9,9,"PG",22
"228G","228G",9,9,"AG",28
"228G","228G",9,9,"Forb",18
"228G","228G",13,13,"PG",31
"228G","228G",13,13,"AG",22
"228G","228G",13,13,"Forb",29
"228G","228G",17,17,"PG",24
"228G","228G",17,17,"AG",20
"228G","228G",17,17,"Forb",19.5
"228G","228G",21,21,"PG",27.5
"228G","228G",21,21,"AG",26
"228G","228G",21,21,"Forb",32
"228G","228G",25,25,"PG",0
"228G","228G",25,25,"AG",33.5
"228G","228G",25,25,"Forb",19
"228G","228G",29,29,"PG",0
"228G","228G",29,29,"AG",35
"228G","228G",29,29,"Forb",57
"229A","229A",1,1,"PG",24
"229A","229A",1,1,"AG",36
"229A","229A",1,1,"Forb",57
"229A","229A",5,5,"PG",40
"229A","229A",5,5,"AG",34
"229A","229A",5,5,"Forb",30
"229A","229A",9,9,"PG",32
"229A","229A",9,9,"AG",24
"229A","229A",9,9,"Forb",37
"229A","229A",13,13,"PG",19
"229A","229A",13,13,"AG",17
"229A","229A",13,13,"Forb",24
"229A","229A",17,17,"PG",30
"229A","229A",17,17,"AG",26
"229A","229A",17,17,"Forb",48
"229A","229A",21,21,"PG",22
"229A","229A",21,21,"AG",24
"229A","229A",21,21,"Forb",56
"229A","229A",25,25,"PG",26
"229A","229A",25,25,"AG",20
"229A","229A",25,25,"Forb",41.5
"229A","229A",29,29,"PG",21
"229A","229A",29,29,"AG",18
"229A","229A",29,29,"Forb",33
"229G","229G",1,1,"PG",29
"229G","229G",1,1,"AG",38
"229G","229G",1,1,"Forb",22
"229G","229G",5,5,"PG",30
"229G","229G",5,5,"AG",23.5
"229G","229G",5,5,"Forb",30
"229G","229G",9,9,"PG",31
"229G","229G",9,9,"AG",28
"229G","229G",9,9,"Forb",53
"229G","229G",13,13,"PG",17.5
"229G","229G",13,13,"AG",28
"229G","229G",13,13,"Forb",48
"229G","229G",17,17,"PG",0
"229G","229G",17,17,"AG",26
"229G","229G",17,17,"Forb",45
"229G","229G",21,21,"PG",27
"229G","229G",21,21,"AG",20.5
"229G","229G",21,21,"Forb",29
"229G","229G",25,25,"PG",26
"229G","229G",25,25,"AG",13
"229G","229G",25,25,"Forb",9
"229G","229G",29,29,"PG",21
"229G","229G",29,29,"AG",30
"229G","229G",29,29,"Forb",17
"230A","230A",1,1,"PG",61
"230A","230A",1,1,"AG",13
"230A","230A",1,1,"Forb",20
"230A","230A",5,5,"PG",35
"230A","230A",5,5,"AG",14.5
"230A","230A",5,5,"Forb",5
"230A","230A",9,9,"PG",30
"230A","230A",9,9,"AG",15
"230A","230A",9,9,"Forb",14
"230A","230A",13,13,"PG",53
"230A","230A",13,13,"AG",21
"230A","230A",13,13,"Forb",7
"230A","230A",17,17,"PG",27
"230A","230A",17,17,"AG",23
"230A","230A",17,17,"Forb",10
"230A","230A",21,21,"PG",48
"230A","230A",21,21,"AG",22
"230A","230A",21,21,"Forb",7
"230A","230A",25,25,"PG",44.5
"230A","230A",25,25,"AG",31
"230A","230A",25,25,"Forb",46
"230A","230A",29,29,"PG",25
"230A","230A",29,29,"AG",30
"230A","230A",29,29,"Forb",12
"230G","230G",1,1,"PG",40
"230G","230G",1,1,"AG",19
"230G","230G",1,1,"Forb",14
"230G","230G",5,5,"PG",32
"230G","230G",5,5,"AG",22
"230G","230G",5,5,"Forb",4
"230G","230G",9,9,"PG",34.5
"230G","230G",9,9,"AG",16
"230G","230G",9,9,"Forb",36.5
"230G","230G",13,13,"PG",27
"230G","230G",13,13,"AG",27
"230G","230G",13,13,"Forb",32.5
"230G","230G",17,17,"PG",28
"230G","230G",17,17,"AG",34
"230G","230G",17,17,"Forb",53
"230G","230G",21,21,"PG",35
"230G","230G",21,21,"AG",14.5
"230G","230G",21,21,"Forb",17.5
"230G","230G",25,25,"PG",37.5
"230G","230G",25,25,"AG",23
"230G","230G",25,25,"Forb",52.5
"230G","230G",29,29,"PG",55.5
"230G","230G",29,29,"AG",15
"230G","230G",29,29,"Forb",20
"231A","231A",1,1,"PG",29
"231A","231A",1,1,"AG",26
"231A","231A",1,1,"Forb",26
"231A","231A",5,5,"PG",24
"231A","231A",5,5,"AG",32
"231A","231A",5,5,"Forb",12
"231A","231A",9,9,"PG",32.5
"231A","231A",9,9,"AG",26
"231A","231A",9,9,"Forb",9
"231A","231A",13,13,"PG",41
"231A","231A",13,13,"AG",20
"231A","231A",13,13,"Forb",18
"231A","231A",17,17,"PG",24
"231A","231A",17,17,"AG",23
"231A","231A",17,17,"Forb",45
"231A","231A",21,21,"PG",20
"231A","231A",21,21,"AG",24
"231A","231A",21,21,"Forb",19
"231A","231A",25,25,"PG",34
"231A","231A",25,25,"AG",33
"231A","231A",25,25,"Forb",33
"231A","231A",29,29,"PG",30.5
"231A","231A",29,29,"AG",17
"231A","231A",29,29,"Forb",12.5
"231G","231G",1,1,"PG",23
"231G","231G",1,1,"AG",21
"231G","231G",1,1,"Forb",46
"231G","231G",5,5,"PG",24
"231G","231G",5,5,"AG",24
"231G","231G",5,5,"Forb",14
"231G","231G",9,9,"PG",16
"231G","231G",9,9,"AG",23
"231G","231G",9,9,"Forb",36
"231G","231G",13,13,"PG",17
"231G","231G",13,13,"AG",21
"231G","231G",13,13,"Forb",51.5
"231G","231G",17,17,"PG",24
"231G","231G",17,17,"AG",10
"231G","231G",17,17,"Forb",12
"231G","231G",21,21,"PG",23
"231G","231G",21,21,"AG",11
"231G","231G",21,21,"Forb",6
"231G","231G",25,25,"PG",26.5
"231G","231G",25,25,"AG",19.5
"231G","231G",25,25,"Forb",7
"231G","231G",29,29,"PG",26
"231G","231G",29,29,"AG",23.5
"231G","231G",29,29,"Forb",22
"232A","232A",1,1,"PG",43
"232A","232A",1,1,"AG",25
"232A","232A",1,1,"Forb",0
"232A","232A",5,5,"PG",52
"232A","232A",5,5,"AG",28
"232A","232A",5,5,"Forb",6
"232A","232A",9,9,"PG",50
"232A","232A",9,9,"AG",28
"232A","232A",9,9,"Forb",5
"232A","232A",13,13,"PG",47
"232A","232A",13,13,"AG",23
"232A","232A",13,13,"Forb",0
"232A","232A",17,17,"PG",34
"232A","232A",17,17,"AG",39
"232A","232A",17,17,"Forb",24
"232A","232A",21,21,"PG",29
"232A","232A",21,21,"AG",35
"232A","232A",21,21,"Forb",25
"232A","232A",25,25,"PG",30
"232A","232A",25,25,"AG",32
"232A","232A",25,25,"Forb",26.5
"232A","232A",29,29,"PG",45
"232A","232A",29,29,"AG",0
"232A","232A",29,29,"Forb",14
"232G","232G",1,1,"PG",12
"232G","232G",1,1,"AG",32
"232G","232G",1,1,"Forb",33
"232G","232G",5,5,"PG",26
"232G","232G",5,5,"AG",29
"232G","232G",5,5,"Forb",26
"232G","232G",9,9,"PG",27
"232G","232G",9,9,"AG",31.5
"232G","232G",9,9,"Forb",25
"232G","232G",13,13,"PG",66.5
"232G","232G",13,13,"AG",29.5
"232G","232G",13,13,"Forb",26
"232G","232G",17,17,"PG",24
"232G","232G",17,17,"AG",27
"232G","232G",17,17,"Forb",34
"232G","232G",21,21,"PG",66
"232G","232G",21,21,"AG",42.5
"232G","232G",21,21,"Forb",19
"232G","232G",25,25,"PG",33.5
"232G","232G",25,25,"AG",29
"232G","232G",25,25,"Forb",38
"232G","232G",29,29,"PG",35
"232G","232G",29,29,"AG",31
"232G","232G",29,29,"Forb",15
"233A","233A",1,1,"PG",33
"233A","233A",1,1,"AG",39
"233A","233A",1,1,"Forb",47.5
"233A","233A",5,5,"PG",51.5
"233A","233A",5,5,"AG",33
"233A","233A",5,5,"Forb",14
"233A","233A",9,9,"PG",37
"233A","233A",9,9,"AG",30
"233A","233A",9,9,"Forb",32
"233A","233A",13,13,"PG",34
"233A","233A",13,13,"AG",32.5
"233A","233A",13,13,"Forb",34.5
"233A","233A",17,17,"PG",30
"233A","233A",17,17,"AG",31
"233A","233A",17,17,"Forb",32
"233A","233A",21,21,"PG",41
"233A","233A",21,21,"AG",27
"233A","233A",21,21,"Forb",22
"233A","233A",25,25,"PG",47
"233A","233A",25,25,"AG",23
"233A","233A",25,25,"Forb",29
"233A","233A",29,29,"PG",45
"233A","233A",29,29,"AG",42
"233A","233A",29,29,"Forb",53.5
"233G","233G",1,1,"PG",30.5
"233G","233G",1,1,"AG",34.5
"233G","233G",1,1,"Forb",65
"233G","233G",5,5,"PG",41
"233G","233G",5,5,"AG",26
"233G","233G",5,5,"Forb",28
"233G","233G",9,9,"PG",40
"233G","233G",9,9,"AG",25
"233G","233G",9,9,"Forb",41
"233G","233G",13,13,"PG",46
"233G","233G",13,13,"AG",16
"233G","233G",13,13,"Forb",25
"233G","233G",17,17,"PG",49
"233G","233G",17,17,"AG",27
"233G","233G",17,17,"Forb",40
"233G","233G",21,21,"PG",20
"233G","233G",21,21,"AG",19.5
"233G","233G",21,21,"Forb",26.5
"233G","233G",25,25,"PG",53
"233G","233G",25,25,"AG",19
"233G","233G",25,25,"Forb",30
"233G","233G",29,29,"PG",55.5
"233G","233G",29,29,"AG",14
"233G","233G",29,29,"Forb",30
"234A","234A",1,1,"PG",32
"234A","234A",1,1,"AG",0
"234A","234A",1,1,"Forb",0
"234A","234A",5,5,"PG",28
"234A","234A",5,5,"AG",0
"234A","234A",5,5,"Forb",0
"234A","234A",9,9,"PG",26
"234A","234A",9,9,"AG",0
"234A","234A",9,9,"Forb",0
"234A","234A",13,13,"PG",28
"234A","234A",13,13,"AG",0
"234A","234A",13,13,"Forb",0
"234A","234A",17,17,"PG",32
"234A","234A",17,17,"AG",0
"234A","234A",17,17,"Forb",0
"234A","234A",21,21,"PG",27
"234A","234A",21,21,"AG",0
"234A","234A",21,21,"Forb",0
"234A","234A",25,25,"PG",36
"234A","234A",25,25,"AG",0
"234A","234A",25,25,"Forb",0
"234A","234A",29,29,"PG",32
"234A","234A",29,29,"AG",0
"234A","234A",29,29,"Forb",0
"234G","234G",1,1,"PG",37
"234G","234G",1,1,"AG",16
"234G","234G",1,1,"Forb",0
"234G","234G",5,5,"PG",31
"234G","234G",5,5,"AG",22
"234G","234G",5,5,"Forb",0
"234G","234G",9,9,"PG",44
"234G","234G",9,9,"AG",27
"234G","234G",9,9,"Forb",7
"234G","234G",13,13,"PG",39
"234G","234G",13,13,"AG",27
"234G","234G",13,13,"Forb",0
"234G","234G",17,17,"PG",27
"234G","234G",17,17,"AG",31.5
"234G","234G",17,17,"Forb",0
"234G","234G",21,21,"PG",29
"234G","234G",21,21,"AG",23
"234G","234G",21,21,"Forb",0
"234G","234G",25,25,"PG",37.5
"234G","234G",25,25,"AG",27
"234G","234G",25,25,"Forb",6.5
"234G","234G",29,29,"PG",42
"234G","234G",29,29,"AG",20
"234G","234G",29,29,"Forb",0
"235A","235A",1,1,"PG",33
"235A","235A",1,1,"AG",26
"235A","235A",1,1,"Forb",8
"235A","235A",5,5,"PG",41.5
"235A","235A",5,5,"AG",21
"235A","235A",5,5,"Forb",0
"235A","235A",9,9,"PG",36
"235A","235A",9,9,"AG",38
"235A","235A",9,9,"Forb",0
"235A","235A",13,13,"PG",28
"235A","235A",13,13,"AG",41
"235A","235A",13,13,"Forb",0
"235A","235A",17,17,"PG",47
"235A","235A",17,17,"AG",18
"235A","235A",17,17,"Forb",0
"235A","235A",21,21,"PG",31
"235A","235A",21,21,"AG",16
"235A","235A",21,21,"Forb",0
"235A","235A",25,25,"PG",31
"235A","235A",25,25,"AG",22
"235A","235A",25,25,"Forb",0
"235A","235A",29,29,"PG",36
"235A","235A",29,29,"AG",28
"235A","235A",29,29,"Forb",0
"235G","235G",1,1,"PG",33.5
"235G","235G",1,1,"AG",31
"235G","235G",1,1,"Forb",34.5
"235G","235G",5,5,"PG",33
"235G","235G",5,5,"AG",25
"235G","235G",5,5,"Forb",6
"235G","235G",9,9,"PG",24
"235G","235G",9,9,"AG",27
"235G","235G",9,9,"Forb",36
"235G","235G",13,13,"PG",31
"235G","235G",13,13,"AG",24
"235G","235G",13,13,"Forb",22
"235G","235G",17,17,"PG",30
"235G","235G",17,17,"AG",8
"235G","235G",17,17,"Forb",35
"235G","235G",21,21,"PG",28
"235G","235G",21,21,"AG",0
"235G","235G",21,21,"Forb",9.5
"235G","235G",25,25,"PG",42
"235G","235G",25,25,"AG",28
"235G","235G",25,25,"Forb",0
"235G","235G",29,29,"PG",36
"235G","235G",29,29,"AG",22
"235G","235G",29,29,"Forb",0
"236A","236A",1,1,"PG",47.5
"236A","236A",1,1,"AG",0
"236A","236A",1,1,"Forb",24
"236A","236A",5,5,"PG",33
"236A","236A",5,5,"AG",0
"236A","236A",5,5,"Forb",0
"236A","236A",9,9,"PG",31
"236A","236A",9,9,"AG",0
"236A","236A",9,9,"Forb",9
"236A","236A",13,13,"PG",38
"236A","236A",13,13,"AG",0
"236A","236A",13,13,"Forb",3.5
"236A","236A",17,17,"PG",38
"236A","236A",17,17,"AG",0
"236A","236A",17,17,"Forb",0
"236A","236A",21,21,"PG",32
"236A","236A",21,21,"AG",0
"236A","236A",21,21,"Forb",7
"236A","236A",25,25,"PG",33.5
"236A","236A",25,25,"AG",0
"236A","236A",25,25,"Forb",21
"236A","236A",29,29,"PG",27
"236A","236A",29,29,"AG",0
"236A","236A",29,29,"Forb",0
"236G","236G",1,1,"PG",30.5
"236G","236G",1,1,"AG",0
"236G","236G",1,1,"Forb",6
"236G","236G",5,5,"PG",37
"236G","236G",5,5,"AG",0
"236G","236G",5,5,"Forb",34
"236G","236G",9,9,"PG",41
"236G","236G",9,9,"AG",18
"236G","236G",9,9,"Forb",32
"236G","236G",13,13,"PG",33
"236G","236G",13,13,"AG",9
"236G","236G",13,13,"Forb",16
"236G","236G",17,17,"PG",24
"236G","236G",17,17,"AG",12
"236G","236G",17,17,"Forb",6
"236G","236G",21,21,"PG",23
"236G","236G",21,21,"AG",14
"236G","236G",21,21,"Forb",26.5
"236G","236G",25,25,"PG",37
"236G","236G",25,25,"AG",19
"236G","236G",25,25,"Forb",15
"236G","236G",29,29,"PG",40.5
"236G","236G",29,29,"AG",13
"236G","236G",29,29,"Forb",0
"237A","237A",1,1,"PG",28.5
"237A","237A",1,1,"AG",12.5
"237A","237A",1,1,"Forb",0
"237A","237A",5,5,"PG",33
"237A","237A",5,5,"AG",19
"237A","237A",5,5,"Forb",0
"237A","237A",9,9,"PG",39
"237A","237A",9,9,"AG",0
"237A","237A",9,9,"Forb",0
"237A","237A",13,13,"PG",32.5
"237A","237A",13,13,"AG",0
"237A","237A",13,13,"Forb",0
"237A","237A",17,17,"PG",32
"237A","237A",17,17,"AG",0
"237A","237A",17,17,"Forb",0
"237A","237A",21,21,"PG",34
"237A","237A",21,21,"AG",0
"237A","237A",21,21,"Forb",0
"237A","237A",25,25,"PG",38.5
"237A","237A",25,25,"AG",0
"237A","237A",25,25,"Forb",0
"237A","237A",29,29,"PG",41.5
"237A","237A",29,29,"AG",0
"237A","237A",29,29,"Forb",0
"237G","237G",1,1,"PG",57.5
"237G","237G",1,1,"AG",0
"237G","237G",1,1,"Forb",0
"237G","237G",5,5,"PG",39
"237G","237G",5,5,"AG",0
"237G","237G",5,5,"Forb",0
"237G","237G",9,9,"PG",34
"237G","237G",9,9,"AG",0
"237G","237G",9,9,"Forb",0
"237G","237G",13,13,"PG",34
"237G","237G",13,13,"AG",17.5
"237G","237G",13,13,"Forb",0
"237G","237G",17,17,"PG",33
"237G","237G",17,17,"AG",0
"237G","237G",17,17,"Forb",0
"237G","237G",21,21,"PG",35
"237G","237G",21,21,"AG",16
"237G","237G",21,21,"Forb",0
"237G","237G",25,25,"PG",26
"237G","237G",25,25,"AG",19
"237G","237G",25,25,"Forb",0
"237G","237G",29,29,"PG",33
"237G","237G",29,29,"AG",21
"237G","237G",29,29,"Forb",8
"238A","238A",1,1,"PG",48.5
"238A","238A",1,1,"AG",20
"238A","238A",1,1,"Forb",0
"238A","238A",5,5,"PG",30
"238A","238A",5,5,"AG",39
"238A","238A",5,5,"Forb",0
"238A","238A",9,9,"PG",62
"238A","238A",9,9,"AG",0
"238A","238A",9,9,"Forb",40
"238A","238A",13,13,"PG",54
"238A","238A",13,13,"AG",0
"238A","238A",13,13,"Forb",0
"238A","238A",17,17,"PG",60
"238A","238A",17,17,"AG",27
"238A","238A",17,17,"Forb",0
"238A","238A",21,21,"PG",65
"238A","238A",21,21,"AG",20
"238A","238A",21,21,"Forb",7.5
"238A","238A",25,25,"PG",108
"238A","238A",25,25,"AG",24
"238A","238A",25,25,"Forb",0
"238A","238A",29,29,"PG",65
"238A","238A",29,29,"AG",32.5
"238A","238A",29,29,"Forb",0
"238G","238G",1,1,"PG",0
"238G","238G",1,1,"AG",0
"238G","238G",1,1,"Forb",11
"238G","238G",5,5,"PG",9
"238G","238G",5,5,"AG",0
"238G","238G",5,5,"Forb",14
"238G","238G",9,9,"PG",0
"238G","238G",9,9,"AG",0
"238G","238G",9,9,"Forb",12
"238G","238G",13,13,"PG",22
"238G","238G",13,13,"AG",6
"238G","238G",13,13,"Forb",21
"238G","238G",17,17,"PG",6
"238G","238G",17,17,"AG",0
"238G","238G",17,17,"Forb",13
"238G","238G",21,21,"PG",26
"238G","238G",21,21,"AG",0
"238G","238G",21,21,"Forb",19
"238G","238G",25,25,"PG",0
"238G","238G",25,25,"AG",0
"238G","238G",25,25,"Forb",18
"238G","238G",29,29,"PG",0
"238G","238G",29,29,"AG",0
"238G","238G",29,29,"Forb",12.5
"239A","239A",1,1,"PG",53.5
"239A","239A",1,1,"AG",45
"239A","239A",1,1,"Forb",16
"239A","239A",5,5,"PG",47.5
"239A","239A",5,5,"AG",33
"239A","239A",5,5,"Forb",59
"239A","239A",9,9,"PG",42
"239A","239A",9,9,"AG",31
"239A","239A",9,9,"Forb",4
"239A","239A",13,13,"PG",40
"239A","239A",13,13,"AG",32.5
"239A","239A",13,13,"Forb",0
"239A","239A",17,17,"PG",22
"239A","239A",17,17,"AG",39
"239A","239A",17,17,"Forb",0
"239A","239A",21,21,"PG",53
"239A","239A",21,21,"AG",31.5
"239A","239A",21,21,"Forb",0
"239A","239A",25,25,"PG",0
"239A","239A",25,25,"AG",31
"239A","239A",25,25,"Forb",0
"239A","239A",29,29,"PG",44
"239A","239A",29,29,"AG",34.5
"239A","239A",29,29,"Forb",30
"239G","239G",1,1,"PG",18
"239G","239G",1,1,"AG",0
"239G","239G",1,1,"Forb",23
"239G","239G",5,5,"PG",31
"239G","239G",5,5,"AG",0
"239G","239G",5,5,"Forb",7
"239G","239G",9,9,"PG",15
"239G","239G",9,9,"AG",0
"239G","239G",9,9,"Forb",7
"239G","239G",13,13,"PG",31
"239G","239G",13,13,"AG",0
"239G","239G",13,13,"Forb",14.5
"239G","239G",17,17,"PG",40.5
"239G","239G",17,17,"AG",0
"239G","239G",17,17,"Forb",3
"239G","239G",21,21,"PG",33.5
"239G","239G",21,21,"AG",0
"239G","239G",21,21,"Forb",4
"239G","239G",25,25,"PG",13
"239G","239G",25,25,"AG",0
"239G","239G",25,25,"Forb",10
"239G","239G",29,29,"PG",6
"239G","239G",29,29,"AG",0
"239G","239G",29,29,"Forb",13
"240A","240A",1,1,"PG",73
"240A","240A",1,1,"AG",0
"240A","240A",1,1,"Forb",35
"240A","240A",5,5,"PG",76
"240A","240A",5,5,"AG",27
"240A","240A",5,5,"Forb",31
"240A","240A",9,9,"PG",72
"240A","240A",9,9,"AG",16
"240A","240A",9,9,"Forb",7
"240A","240A",13,13,"PG",67.5
"240A","240A",13,13,"AG",41
"240A","240A",13,13,"Forb",31
"240A","240A",17,17,"PG",68
"240A","240A",17,17,"AG",38
"240A","240A",17,17,"Forb",50
"240A","240A",21,21,"PG",74.5
"240A","240A",21,21,"AG",31
"240A","240A",21,21,"Forb",35
"240A","240A",25,25,"PG",72
"240A","240A",25,25,"AG",19
"240A","240A",25,25,"Forb",32
"240A","240A",29,29,"PG",66
"240A","240A",29,29,"AG",0
"240A","240A",29,29,"Forb",11
"240G","240G",1,1,"PG",0
"240G","240G",1,1,"AG",0
"240G","240G",1,1,"Forb",73
"240G","240G",5,5,"PG",0
"240G","240G",5,5,"AG",0
"240G","240G",5,5,"Forb",58
"240G","240G",9,9,"PG",53
"240G","240G",9,9,"AG",36
"240G","240G",9,9,"Forb",87
"240G","240G",13,13,"PG",44
"240G","240G",13,13,"AG",0
"240G","240G",13,13,"Forb",70
"240G","240G",17,17,"PG",71.5
"240G","240G",17,17,"AG",27
"240G","240G",17,17,"Forb",65
"240G","240G",21,21,"PG",81.5
"240G","240G",21,21,"AG",26
"240G","240G",21,21,"Forb",56
"240G","240G",25,25,"PG",69
"240G","240G",25,25,"AG",22.5
"240G","240G",25,25,"Forb",75.5
"240G","240G",29,29,"PG",51
"240G","240G",29,29,"AG",0
"240G","240G",29,29,"Forb",89
"241A","241A",1,1,"PG",78.5
"241A","241A",1,1,"AG",52.5
"241A","241A",1,1,"Forb",58
"241A","241A",5,5,"PG",72
"241A","241A",5,5,"AG",44
"241A","241A",5,5,"Forb",67
"241A","241A",9,9,"PG",47
"241A","241A",9,9,"AG",34
"241A","241A",9,9,"Forb",32
"241A","241A",13,13,"PG",50
"241A","241A",13,13,"AG",29.5
"241A","241A",13,13,"Forb",45
"241A","241A",17,17,"PG",44
"241A","241A",17,17,"AG",36
"241A","241A",17,17,"Forb",36
"241A","241A",21,21,"PG",74
"241A","241A",21,21,"AG",53
"241A","241A",21,21,"Forb",57
"241A","241A",25,25,"PG",48
"241A","241A",25,25,"AG",58
"241A","241A",25,25,"Forb",71
"241A","241A",29,29,"PG",65
"241A","241A",29,29,"AG",39.5
"241A","241A",29,29,"Forb",42
"241G","241G",1,1,"PG",20
"241G","241G",1,1,"AG",32
"241G","241G",1,1,"Forb",64
"241G","241G",5,5,"PG",55
"241G","241G",5,5,"AG",28.5
"241G","241G",5,5,"Forb",50
"241G","241G",9,9,"PG",63
"241G","241G",9,9,"AG",32
"241G","241G",9,9,"Forb",46
"241G","241G",13,13,"PG",50.5
"241G","241G",13,13,"AG",32
"241G","241G",13,13,"Forb",47
"241G","241G",17,17,"PG",62
"241G","241G",17,17,"AG",27
"241G","241G",17,17,"Forb",47
"241G","241G",21,21,"PG",32
"241G","241G",21,21,"AG",20
"241G","241G",21,21,"Forb",64
"241G","241G",25,25,"PG",25
"241G","241G",25,25,"AG",26.5
"241G","241G",25,25,"Forb",55
"241G","241G",29,29,"PG",65
"241G","241G",29,29,"AG",25
"241G","241G",29,29,"Forb",52
"242A","242A",1,1,"PG",65
"242A","242A",1,1,"AG",37.5
"242A","242A",1,1,"Forb",46
"242A","242A",5,5,"PG",39.5
"242A","242A",5,5,"AG",35.5
"242A","242A",5,5,"Forb",12
"242A","242A",9,9,"PG",72
"242A","242A",9,9,"AG",27
"242A","242A",9,9,"Forb",42
"242A","242A",13,13,"PG",64
"242A","242A",13,13,"AG",36
"242A","242A",13,13,"Forb",33
"242A","242A",17,17,"PG",57
"242A","242A",17,17,"AG",46
"242A","242A",17,17,"Forb",31
"242A","242A",21,21,"PG",37
"242A","242A",21,21,"AG",32
"242A","242A",21,21,"Forb",72
"242A","242A",25,25,"PG",62
"242A","242A",25,25,"AG",17
"242A","242A",25,25,"Forb",61
"242A","242A",29,29,"PG",37
"242A","242A",29,29,"AG",25
"242A","242A",29,29,"Forb",29
"242G","242G",1,1,"PG",29
"242G","242G",1,1,"AG",0
"242G","242G",1,1,"Forb",52
"242G","242G",5,5,"PG",31
"242G","242G",5,5,"AG",6
"242G","242G",5,5,"Forb",46
"242G","242G",9,9,"PG",42.5
"242G","242G",9,9,"AG",0
"242G","242G",9,9,"Forb",41
"242G","242G",13,13,"PG",50.5
"242G","242G",13,13,"AG",11.5
"242G","242G",13,13,"Forb",47
"242G","242G",17,17,"PG",31
"242G","242G",17,17,"AG",16
"242G","242G",17,17,"Forb",79.5
"242G","242G",21,21,"PG",46.5
"242G","242G",21,21,"AG",0
"242G","242G",21,21,"Forb",54
"242G","242G",25,25,"PG",78
"242G","242G",25,25,"AG",0
"242G","242G",25,25,"Forb",55
"242G","242G",29,29,"PG",67
"242G","242G",29,29,"AG",7
"242G","242G",29,29,"Forb",86
"243A","243A",1,1,"PG",90
"243A","243A",1,1,"AG",29.5
"243A","243A",1,1,"Forb",0
"243A","243A",5,5,"PG",50
"243A","243A",5,5,"AG",39
"243A","243A",5,5,"Forb",41
"243A","243A",9,9,"PG",60.5
"243A","243A",9,9,"AG",40
"243A","243A",9,9,"Forb",55
"243A","243A",13,13,"PG",26
"243A","243A",13,13,"AG",43
"243A","243A",13,13,"Forb",23
"243A","243A",17,17,"PG",0
"243A","243A",17,17,"AG",39
"243A","243A",17,17,"Forb",52.5
"243A","243A",21,21,"PG",0
"243A","243A",21,21,"AG",35
"243A","243A",21,21,"Forb",37
"243A","243A",25,25,"PG",53
"243A","243A",25,25,"AG",40
"243A","243A",25,25,"Forb",13
"243A","243A",29,29,"PG",29
"243A","243A",29,29,"AG",32
"243A","243A",29,29,"Forb",48
"243G","243G",1,1,"PG",46
"243G","243G",1,1,"AG",0
"243G","243G",1,1,"Forb",7
"243G","243G",5,5,"PG",59
"243G","243G",5,5,"AG",0
"243G","243G",5,5,"Forb",7
"243G","243G",9,9,"PG",46
"243G","243G",9,9,"AG",0
"243G","243G",9,9,"Forb",8
"243G","243G",13,13,"PG",65
"243G","243G",13,13,"AG",0
"243G","243G",13,13,"Forb",27
"243G","243G",17,17,"PG",59
"243G","243G",17,17,"AG",0
"243G","243G",17,17,"Forb",15
"243G","243G",21,21,"PG",53
"243G","243G",21,21,"AG",0
"243G","243G",21,21,"Forb",7
"243G","243G",25,25,"PG",63
"243G","243G",25,25,"AG",18
"243G","243G",25,25,"Forb",10
"243G","243G",29,29,"PG",19
"243G","243G",29,29,"AG",0
"243G","243G",29,29,"Forb",0
"244A","244A",1,1,"PG",63
"244A","244A",1,1,"AG",18
"244A","244A",1,1,"Forb",59.5
"244A","244A",5,5,"PG",62
"244A","244A",5,5,"AG",0
"244A","244A",5,5,"Forb",0
"244A","244A",9,9,"PG",52
"244A","244A",9,9,"AG",7
"244A","244A",9,9,"Forb",0
"244A","244A",13,13,"PG",51
"244A","244A",13,13,"AG",5
"244A","244A",13,13,"Forb",8
"244A","244A",17,17,"PG",68
"244A","244A",17,17,"AG",16
"244A","244A",17,17,"Forb",0
"244A","244A",21,21,"PG",71
"244A","244A",21,21,"AG",28
"244A","244A",21,21,"Forb",2
"244A","244A",25,25,"PG",35
"244A","244A",25,25,"AG",23
"244A","244A",25,25,"Forb",15
"244A","244A",29,29,"PG",65
"244A","244A",29,29,"AG",24
"244A","244A",29,29,"Forb",0
"244G","244G",1,1,"PG",14
"244G","244G",1,1,"AG",0
"244G","244G",1,1,"Forb",26
"244G","244G",5,5,"PG",44
"244G","244G",5,5,"AG",0
"244G","244G",5,5,"Forb",27
"244G","244G",9,9,"PG",39
"244G","244G",9,9,"AG",19
"244G","244G",9,9,"Forb",12
"244G","244G",13,13,"PG",42
"244G","244G",13,13,"AG",12
"244G","244G",13,13,"Forb",23
"244G","244G",17,17,"PG",21
"244G","244G",17,17,"AG",0
"244G","244G",17,17,"Forb",30
"244G","244G",21,21,"PG",49
"244G","244G",21,21,"AG",24
"244G","244G",21,21,"Forb",22
"244G","244G",25,25,"PG",48
"244G","244G",25,25,"AG",17
"244G","244G",25,25,"Forb",24
"244G","244G",29,29,"PG",44
"244G","244G",29,29,"AG",20
"244G","244G",29,29,"Forb",28
"245A","245A",1,1,"PG",22
"245A","245A",1,1,"AG",33
"245A","245A",1,1,"Forb",56
"245A","245A",5,5,"PG",32
"245A","245A",5,5,"AG",38
"245A","245A",5,5,"Forb",30
"245A","245A",9,9,"PG",32
"245A","245A",9,9,"AG",28
"245A","245A",9,9,"Forb",45.5
"245A","245A",13,13,"PG",30
"245A","245A",13,13,"AG",27
"245A","245A",13,13,"Forb",37
"245A","245A",17,17,"PG",25
"245A","245A",17,17,"AG",24
"245A","245A",17,17,"Forb",17
"245A","245A",21,21,"PG",31
"245A","245A",21,21,"AG",37
"245A","245A",21,21,"Forb",28
"245A","245A",25,25,"PG",23
"245A","245A",25,25,"AG",34
"245A","245A",25,25,"Forb",12
"245A","245A",29,29,"PG",69
"245A","245A",29,29,"AG",13
"245A","245A",29,29,"Forb",13
"245G","245G",1,1,"PG",35
"245G","245G",1,1,"AG",39
"245G","245G",1,1,"Forb",22
"245G","245G",5,5,"PG",62
"245G","245G",5,5,"AG",36
"245G","245G",5,5,"Forb",59
"245G","245G",9,9,"PG",32
"245G","245G",9,9,"AG",32
"245G","245G",9,9,"Forb",18
"245G","245G",13,13,"PG",33
"245G","245G",13,13,"AG",38
"245G","245G",13,13,"Forb",34.5
"245G","245G",17,17,"PG",38
"245G","245G",17,17,"AG",32
"245G","245G",17,17,"Forb",37
"245G","245G",21,21,"PG",56
"245G","245G",21,21,"AG",33
"245G","245G",21,21,"Forb",18
"245G","245G",25,25,"PG",0
"245G","245G",25,25,"AG",29.5
"245G","245G",25,25,"Forb",32
"245G","245G",29,29,"PG",48
"245G","245G",29,29,"AG",33
"245G","245G",29,29,"Forb",35
